{
  "summary": {
    "structural_only": {
      "mean_ms": 32.81095027923584,
      "median_ms": 31.249523162841797,
      "min_ms": 26.718616485595703,
      "max_ms": 47.48415946960449
    },
    "hybrid": {
      "mean_ms": 33.34784507751465,
      "median_ms": 32.676100730895996,
      "min_ms": 29.80780601501465,
      "max_ms": 41.3818359375
    },
    "neural_only": {
      "mean_ms": 10.397982597351074,
      "median_ms": 10.014891624450684,
      "min_ms": 8.467674255371094,
      "max_ms": 13.220071792602539
    },
    "speedup": {
      "hybrid_vs_neural": 0.3118037334400984,
      "structural_vs_neural": 0.31690586553755984,
      "structural_vs_hybrid": 1.0163632809689933
    }
  },
  "queries": [
    {
      "query": "Kio estas hobito?",
      "structural_only": {
        "time_ms": 47.48415946960449,
        "num_results": 10,
        "indices": [
          18,
          31,
          33,
          37,
          40,
          42,
          45,
          65,
          68,
          75
        ]
      },
      "hybrid": {
        "time_ms": 33.82086753845215,
        "num_results": 10,
        "top_scores": [
          1.4762113094329834,
          1.4360826015472412,
          1.421471357345581
        ]
      },
      "neural_only": {
        "time_ms": 9.3994140625,
        "num_results": 10,
        "top_scores": [
          1.1389365196228027,
          1.132636547088623,
          1.1309934854507446
        ]
      }
    },
    {
      "query": "Kiu estas Gandalf?",
      "structural_only": {
        "time_ms": 28.179407119750977,
        "num_results": 10,
        "indices": [
          18,
          31,
          33,
          37,
          40,
          42,
          45,
          65,
          68,
          75
        ]
      },
      "hybrid": {
        "time_ms": 30.985593795776367,
        "num_results": 10,
        "top_scores": [
          1.5950520038604736,
          1.53293776512146,
          1.5196808576583862
        ]
      },
      "neural_only": {
        "time_ms": 8.467674255371094,
        "num_results": 10,
        "top_scores": [
          1.2201693058013916,
          1.2151039838790894,
          1.2147610187530518
        ]
      }
    },
    {
      "query": "Kie estas la ringo?",
      "structural_only": {
        "time_ms": 32.16433525085449,
        "num_results": 10,
        "indices": [
          855,
          913,
          1561,
          1999,
          2005,
          2145,
          2361,
          2362,
          6861,
          8205
        ]
      },
      "hybrid": {
        "time_ms": 31.687021255493164,
        "num_results": 10,
        "top_scores": [
          1.625549077987671,
          1.6014173030853271,
          1.5939992666244507
        ]
      },
      "neural_only": {
        "time_ms": 10.243415832519531,
        "num_results": 10,
        "top_scores": [
          1.2318373918533325,
          1.2264370918273926,
          1.2243279218673706
        ]
      }
    },
    {
      "query": "Kial Frodo iras al Mordoro?",
      "structural_only": {
        "time_ms": 43.47395896911621,
        "num_results": 10,
        "indices": [
          114,
          236,
          507,
          827,
          893,
          1050,
          1139,
          1156,
          1158,
          1239
        ]
      },
      "hybrid": {
        "time_ms": 34.894466400146484,
        "num_results": 10,
        "top_scores": [
          1.7183514833450317,
          1.619476318359375,
          1.6057242155075073
        ]
      },
      "neural_only": {
        "time_ms": 10.080099105834961,
        "num_results": 10,
        "top_scores": [
          1.4163627624511719,
          1.4004383087158203,
          1.398998737335205
        ]
      }
    },
    {
      "query": "Kiam komenci\u011das la aventuro?",
      "structural_only": {
        "time_ms": 28.49602699279785,
        "num_results": 10,
        "indices": [
          2,
          88,
          135,
          237,
          240,
          392,
          394,
          519,
          525,
          549
        ]
      },
      "hybrid": {
        "time_ms": 33.25605392456055,
        "num_results": 10,
        "top_scores": [
          1.8262271881103516,
          1.615971326828003,
          1.5476787090301514
        ]
      },
      "neural_only": {
        "time_ms": 9.928226470947266,
        "num_results": 10,
        "top_scores": [
          1.144448161125183,
          1.1417951583862305,
          1.1340285539627075
        ]
      }
    },
    {
      "query": "Kiel Bilbo trovis la ringon?",
      "structural_only": {
        "time_ms": 31.369447708129883,
        "num_results": 10,
        "indices": [
          895,
          1598,
          2038,
          2352,
          6856,
          9861,
          9880,
          9884,
          32582,
          38612
        ]
      },
      "hybrid": {
        "time_ms": 32.34720230102539,
        "num_results": 10,
        "top_scores": [
          2.038311719894409,
          2.025815963745117,
          1.9121862649917603
        ]
      },
      "neural_only": {
        "time_ms": 13.210296630859375,
        "num_results": 10,
        "top_scores": [
          1.3834004402160645,
          1.3746592998504639,
          1.3743400573730469
        ]
      }
    },
    {
      "query": "Kiom da hobitoj ekiras?",
      "structural_only": {
        "time_ms": 26.718616485595703,
        "num_results": 10,
        "indices": [
          114,
          236,
          507,
          827,
          893,
          1050,
          1139,
          1156,
          1158,
          1239
        ]
      },
      "hybrid": {
        "time_ms": 33.0049991607666,
        "num_results": 10,
        "top_scores": [
          1.4965112209320068,
          1.4922130107879639,
          1.4875003099441528
        ]
      },
      "neural_only": {
        "time_ms": 9.40084457397461,
        "num_results": 10,
        "top_scores": [
          1.1647944450378418,
          1.1558798551559448,
          1.149198293685913
        ]
      }
    },
    {
      "query": "Kies estas la ringo?",
      "structural_only": {
        "time_ms": 31.688690185546875,
        "num_results": 10,
        "indices": [
          855,
          913,
          1561,
          1999,
          2005,
          2145,
          2361,
          2362,
          6861,
          8205
        ]
      },
      "hybrid": {
        "time_ms": 41.3818359375,
        "num_results": 10,
        "top_scores": [
          1.7349159717559814,
          1.6921112537384033,
          1.669041395187378
        ]
      },
      "neural_only": {
        "time_ms": 13.220071792602539,
        "num_results": 10,
        "top_scores": [
          1.290959119796753,
          1.2877086400985718,
          1.2867987155914307
        ]
      }
    },
    {
      "query": "La hobito vidas la oron.",
      "structural_only": {
        "time_ms": 27.405261993408203,
        "num_results": 10,
        "indices": [
          41,
          226,
          354,
          657,
          700,
          1176,
          1180,
          1189,
          1231,
          1232
        ]
      },
      "hybrid": {
        "time_ms": 32.29260444641113,
        "num_results": 10,
        "top_scores": [
          1.7531249523162842,
          1.6734956502914429,
          1.644568681716919
        ]
      },
      "neural_only": {
        "time_ms": 10.015010833740234,
        "num_results": 10,
        "top_scores": [
          1.2689034938812256,
          1.266986608505249,
          1.266477346420288
        ]
      }
    },
    {
      "query": "Gandalf helpas la hobitojn.",
      "structural_only": {
        "time_ms": 31.12959861755371,
        "num_results": 10,
        "indices": [
          80,
          152,
          558,
          899,
          940,
          943,
          1046,
          1106,
          2057,
          2196
        ]
      },