{
  "baseline": {
    "precision": {
      "1": 0.98,
      "5": 0.21999999999999997,
      "10": 0.11599999999999999
    },
    "recall": {
      "1": 0.98,
      "5": 0.21999999999999997,
      "10": 0.11599999999999999
    },
    "mrr": 0.99
  },
  "tree_lstm": {
    "precision": {
      "1": 0.98,
      "5": 0.21599999999999994,
      "10": 0.10999999999999996
    },
    "recall": {
      "1": 0.98,
      "5": 0.21599999999999994,
      "10": 0.10999999999999996
    },
    "mrr": 0.99
  }
}